<?xml version='1.0' encoding='UTF-8'?>
<?artifactRepository version='1.1.0'?>
<repository name='file:/C:/Users/ADMIN/AnypointStudio/workspace/check-weather-connector/target/update-site/ - artifacts' type='org.eclipse.equinox.p2.artifact.repository.simpleRepository' version='1'>
  <properties size='2'>
    <property name='p2.timestamp' value='1460897853231'/>
    <property name='p2.compressed' value='false'/>
  </properties>
  <mappings size='3'>
    <rule filter='(&amp; (classifier=osgi.bundle))' output='${repoUrl}/plugins/${id}_${version}.jar'/>
    <rule filter='(&amp; (classifier=binary))' output='${repoUrl}/binary/${id}_${version}'/>
    <rule filter='(&amp; (classifier=org.eclipse.update.feature))' output='${repoUrl}/features/${id}_${version}.jar'/>
  </mappings>
  <artifacts size='2'>
    <artifact classifier='org.eclipse.update.feature' id='org.mule.tooling.ui.extension.check-weather-connector.3.7.0' version='1.0.0.201604171957'>
      <properties size='4'>
        <property name='artifact.size' value='651'/>
        <property name='download.size' value='651'/>
        <property name='download.md5' value='96426dd3cde5d5f8c5818de6a59d554c'/>
        <property name='download.contentType' value='application/zip'/>
      </properties>
    </artifact>
    <artifact classifier='osgi.bundle' id='org.mule.tooling.ui.contribution.check-weather.3.7.0' version='1.0.0.201604171957'>
      <properties size='3'>
        <property name='artifact.size' value='285416'/>
        <property name='download.size' value='285416'/>
        <property name='download.md5' value='090f7a00a6e02dc25708869404ac528f'/>
      </properties>
    </artifact>
  </artifacts>
</repository>
